Census_geoid,Urban_name,CUHI_day_summer,Tree Area (%),Median Income (K)
25017383700,"Boston, MA--NH--RI",0.4308071357,65.26536036,65.364
25023511000,"Boston, MA--NH--RI",0.6602051993,39.30476425,50.261
25017332200,"Boston, MA--NH--RI",0.4089708719,72.15063504,73.715
25017357400,"Boston, MA--NH--RI",0.8232041866,66.24351804,116.638
25017315402,"Boston, MA--NH--RI",0.3652721833,76.91146362,61.812
25017350300,"Boston, MA--NH--RI",1.123044829,17.07342643,49.944
25017317103,"Boston, MA--NH--RI",0.1982418921,87.8408352,91.31
25025110501,"Boston, MA--NH--RI",0.5143194633,51.58908018,60.208
25009252101,"Boston, MA--NH--RI",0.6372920836,49.69746129,41.889
25021422600,"Boston, MA--NH--RI",0.3099298728,59.63496826,52.662
25017333400,"Boston, MA--NH--RI",0.7588878583,58.23232357,56.044
25021418002,"Boston, MA--NH--RI",0.7126460768,54.59896447,63.212
25017310300,"Boston, MA--NH--RI",0.7394607561,40.22556587,41.825
25025170701,"Boston, MA--NH--RI",0.6079494807,10.72581124,46.976
25005600204,"Boston, MA--NH--RI",-0.08715745922,90.74515626,71.853
25025110103,"Boston, MA--NH--RI",0.5656753447,40.13949911,56.008
25023530700,"Boston, MA--NH--RI",-0.8395609571,28.04371481,88.75
25017312501,"Boston, MA--NH--RI",0.6535725945,64.15659265,61.95
25023510502,"Boston, MA--NH--RI",0.3686330295,48.85620423,34.776
25025000704,"Boston, MA--NH--RI",1.188851077,12.22499585,60.943
25009217300,"Boston, MA--NH--RI",0.4577141296,27.59096693,62.781
25025070700,"Boston, MA--NH--RI",0.7814117426,28.19883307,95.673
25017332400,"Boston, MA--NH--RI",0.4425134885,60.95970336,77.013
25009209200,"Boston, MA--NH--RI",0.03269209866,90.4191151,94.943
25009215102,"Boston, MA--NH--RI",-0.08374415528,80.54410182,70.365
25009263100,"Boston, MA--NH--RI",-0.06702174425,73.57480249,85.694
25017373400,"Boston, MA--NH--RI",0.9296327356,61.7539888,94.271
25017322200,"Boston, MA--NH--RI",0.2110688712,69.16454133,67.939
25017351500,"Boston, MA--NH--RI",1.171266151,3.130595645,46.799
25017357800,"Boston, MA--NH--RI",0.3440424367,81.57568582,105.71
25017320102,"Boston, MA--NH--RI",-0.2692013026,79.20138239,100.114
25017316201,"Boston, MA--NH--RI",0.3711242428,78.26846562,64.545
25017335302,"Boston, MA--NH--RI",0.3844563563,64.96409823,62.029
25009252102,"Boston, MA--NH--RI",0.3007479605,71.30658642,61.284
25017370202,"Boston, MA--NH--RI",0.9857310319,48.45495427,75.694
25005612100,"Boston, MA--NH--RI",-0.01107598673,83.96695967,59.737
25025100200,"Boston, MA--NH--RI",0.760426011,39.84990963,38.9
25021422100,"Boston, MA--NH--RI",-0.1207120901,73.19681932,60.639
25017342202,"Boston, MA--NH--RI",0.9395627068,10.35936978,55.882
25017331300,"Boston, MA--NH--RI",0.3159886662,87.78492574,66.08
25017313102,"Boston, MA--NH--RI",0.1518322801,76.94450893,58.696
33015063001,"Boston, MA--NH--RI",0.133236773,64.4229711,45.332
25017333300,"Boston, MA--NH--RI",0.5742421417,41.10787847,48.836
25023511100,"Boston, MA--NH--RI",0.2982103013,59.66125288,47.877
25009260402,"Boston, MA--NH--RI",0.02659543637,78.03449526,68.402
25027743100,"Boston, MA--NH--RI",-0.3103007463,91.69603999,77.993
25025081800,"Boston, MA--NH--RI",0.9861020312,39.56168316,38.295
25009251500,"Boston, MA--NH--RI",1.028620975,36.38458279,35.654
25009202101,"Boston, MA--NH--RI",0.3380405063,65.9994666,86.607
25017352600,"Boston, MA--NH--RI",1.242396883,27.82537495,51.771
25025140107,"Boston, MA--NH--RI",0.4746587606,55.89582261,49.821
25009218100,"Boston, MA--NH--RI",-0.3934399216,63.39430907,78.458
25017330100,"Boston, MA--NH--RI",-0.01057983221,87.93857233,88.219
25017385202,"Boston, MA--NH--RI",0.2313507455,81.62486456,82.993
25023522101,"Boston, MA--NH--RI",-0.1842122799,75.43425029,61.279
25025091700,"Boston, MA--NH--RI",0.8691576836,28.03409027,35.377
25021402400,"Boston, MA--NH--RI",0.5385728771,55.84103981,67.669
25009208200,"Boston, MA--NH--RI",0.5244726177,51.87634236,51.948
33015055001,"Boston, MA--NH--RI",-0.3240475309,87.23394357,48.775
25017339300,"Boston, MA--NH--RI",0.5140871694,44.95124606,61.019
25027741101,"Boston, MA--NH--RI",-0.1671212344,70.66236533,81.906
25009205200,"Boston, MA--NH--RI",0.2553201717,24.12846823,47.25
25009251800,"Boston, MA--NH--RI",0.7233888811,51.2047983,48.382
25021414200,"Boston, MA--NH--RI",-0.4004830293,88.42136251,101.694
25017369100,"Boston, MA--NH--RI",0.7315228852,62.1564932,66
25017339802,"Boston, MA--NH--RI",1.131911176,23.41847912,62.62
25017341902,"Boston, MA--NH--RI",0.6571943056,41.84015706,60.146
25025050700,"Boston, MA--NH--RI",0.6779189823,17.58457041,35.492
25017352900,"Boston, MA--NH--RI",1.113437858,43.19864549,73.393
25009254302,"Boston, MA--NH--RI",-0.06108345275,90.08525572,113.594
25017352300,"Boston, MA--NH--RI",1.234090169,7.776607196,71.424
25005611201,"Boston, MA--NH--RI",-0.02723920282,89.97448616,61.151
25009252201,"Boston, MA--NH--RI",0.4272766732,65.13613231,50.55
25017364102,"Boston, MA--NH--RI",0.1810408481,82.22618174,79.427
25021456401,"Boston, MA--NH--RI",0.2105826458,77.80958978,50.585
25025170601,"Boston, MA--NH--RI",0.8181418882,18.98260605,38.853
25025170702,"Boston, MA--NH--RI",0.746089223,26.04505274,36.648
25009211200,"Boston, MA--NH--RI",0.6313979208,42.97154411,53.664
25017314200,"Boston, MA--NH--RI",0.4566608089,72.07018872,63.75
25021422200,"Boston, MA--NH--RI",0.1225746139,63.5645081,65.137
25017354200,"Boston, MA--NH--RI",0.9092721415,63.8929294,117.538
25017318200,"Boston, MA--NH--RI",-0.0411011373,86.79429495,76.296
25009260401,"Boston, MA--NH--RI",0.07821327455,79.33700452,57.148
25025092200,"Boston, MA--NH--RI",0.898775732,43.94724086,48.571
25021413500,"Boston, MA--NH--RI",0.6501499467,54.42268337,57.031
25025180200,"Boston, MA--NH--RI",0.2664657905,15.10314234,54.871
25017337202,"Boston, MA--NH--RI",0.7053591739,58.59710769,62.29
25023522102,"Boston, MA--NH--RI",-0.1930980479,81.49347343,62.808
25025130300,"Boston, MA--NH--RI",0.5468510535,65.12347715,79.536
25021443101,"Boston, MA--NH--RI",0.07596784758,79.69176125,68.75
25025090400,"Boston, MA--NH--RI",0.9332137724,32.93089128,35.197
25009252501,"Boston, MA--NH--RI",0.8732099682,57.64817609,50.06
25017368700,"Boston, MA--NH--RI",1.105452908,27.86800782,40.286
25017324102,"Boston, MA--NH--RI",0.1149955401,72.15763512,89.333
25021402102,"Boston, MA--NH--RI",0.5856830058,69.6555878,46.825
25025070600,"Boston, MA--NH--RI",0.8243502292,28.70648896,94.674
25017383800,"Boston, MA--NH--RI",0.3236889773,77.8184956,66.912
25017356500,"Boston, MA--NH--RI",0.2274599932,71.03599588,77.961
25027740102,"Boston, MA--NH--RI",0.1677625324,74.4140656,82.188
25021419100,"Boston, MA--NH--RI",0.4280616818,56.0924776,66.287
25005610204,"Boston, MA--NH--RI",-0.03146097702,86.3429547,72.083
25025090901,"Boston, MA--NH--RI",0.4310537912,9.518448849,41.712
25025091100,"Boston, MA--NH--RI",0.7168479554,15.94948105,56.445
25017368102,"Boston, MA--NH--RI",0.1957545512,49.25088854,67.182
25025100300,"Boston, MA--NH--RI",0.7925360201,42.00995112,43.869
25023509102,"Boston, MA--NH--RI",-0.2939961652,63.17147407,58.582
25017384002,"Boston, MA--NH--RI",0.1162180777,75.02619135,66.705
25025082100,"Boston, MA--NH--RI",0.8644188104,33.46178513,44.352
25023511701,"Boston, MA--NH--RI",0.4616555553,68.64278773,51.178
25009204400,"Boston, MA--NH--RI",0.1075309633,4.918434196,52.159
25009254100,"Boston, MA--NH--RI",0.4171171252,76.16858848,100.927
25017358700,"Boston, MA--NH--RI",0.2476335381,90.59571171,145.994
25017373300,"Boston, MA--NH--RI",1.066549804,55.45269199,74.375
25017370201,"Boston, MA--NH--RI",0.8854783454,47.36836253,74.167
25025091900,"Boston, MA--NH--RI",0.8257675248,46.38973207,39.821
25025040600,"Boston, MA--NH--RI",0.9885374949,5.850547054,82.323
25009206600,"Boston, MA--NH--RI",0.7255364594,20.73790511,39.758
25017339900,"Boston, MA--NH--RI",0.7484426105,16.57173036,49.939
25025100601,"Boston, MA--NH--RI",0.8749576362,29.52133782,45.984
25023501101,"Boston, MA--NH--RI",-0.1969037981,51.02490169,94.323
25017354800,"Boston, MA--NH--RI",1.115046325,42.11125884,76.667
25017383902,"Boston, MA--NH--RI",0.04162055044,85.12275473,93.925
25017335200,"Boston, MA--NH--RI",0.4418715653,66.24951643,69.162
25017322300,"Boston, MA--NH--RI",0.1803867645,70.62135665,50.283
25023540103,"Boston, MA--NH--RI",-0.2758781372,88.47691817,63.929
25017383501,"Boston, MA--NH--RI",0.6255799114,55.18613694,43.924
25017351404,"Boston, MA--NH--RI",1.118218149,17.02820293,45.978
33015003301,"Boston, MA--NH--RI",-0.4687951607,81.32006338,52.161
25009205800,"Boston, MA--NH--RI",0.6541460872,13.2512222,43.25
25025030400,"Boston, MA--NH--RI",0.6941803432,6.779301295,68.631
25017352101,"Boston, MA--NH--RI",1.17450426,4.889692976,100.691
25025092300,"Boston, MA--NH--RI",0.7944930407,30.26220612,38.274
25005610100,"Boston, MA--NH--RI",0.3726437332,57.97975909,55.176
25009210100,"Boston, MA--NH--RI",0.3365103295,70.85243263,53.934
25005616100,"Boston, MA--NH--RI",-0.02309163044,77.94213353,55.905
25027746100,"Boston, MA--NH--RI",-0.254733468,86.23606099,80.815
25025100500,"Boston, MA--NH--RI",0.8743410936,37.56578702,43.341
25017341600,"Boston, MA--NH--RI",0.7255183199,49.91811098,55.372
25017337300,"Boston, MA--NH--RI",0.3911698641,65.01687881,64.129
25025180301,"Boston, MA--NH--RI",0.2904750654,17.68836381,66.081
25025010600,"Boston, MA--NH--RI",0.7804060444,3.779695649,120.673
25009265102,"Boston, MA--NH--RI",-0.01344637606,88.06600968,81.192
25021420100,"Boston, MA--NH--RI",0.1171462317,59.65930883,52.19
25025060600,"Boston, MA--NH--RI",0.5210455302,1.645233543,100.946
25021420301,"Boston, MA--NH--RI",0.2686238576,69.40523005,43.265
25017350500,"Boston, MA--NH--RI",1.122238265,33.72240925,61.442
25009217201,"Boston, MA--NH--RI",0.3488674912,65.43412394,59.971
25021417200,"Boston, MA--NH--RI",0.6271374405,31.6598496,52.356
25023505102,"Boston, MA--NH--RI",-0.3888033842,93.04973365,98.354
25025080300,"Boston, MA--NH--RI",1.070047211,29.40974449,40.309
25021456200,"Boston, MA--NH--RI",0.04088772603,73.68258075,56.97
25025081400,"Boston, MA--NH--RI",1.031075571,41.83936288,46.569
25009221300,"Boston, MA--NH--RI",-0.3402875001,43.29334845,71.917
25023507104,"Boston, MA--NH--RI",-0.3678342317,32.3867066,97.5
25017370102,"Boston, MA--NH--RI",1.080995065,34.07090341,65.957
25017354900,"Boston, MA--NH--RI",1.002946957,35.94867168,57.436
25017335301,"Boston, MA--NH--RI",0.3961723947,72.12396758,65.542
25023523100,"Boston, MA--NH--RI",0.01560976122,82.88426914,51.151
25025080900,"Boston, MA--NH--RI",1.032411778,24.58879737,51.424
25017368300,"Boston, MA--NH--RI",0.7485579141,40.53944114,52.247
25025081900,"Boston, MA--NH--RI",0.9281678481,36.8421205,31.3
25017350400,"Boston, MA--NH--RI",1.134410753,28.88798506,69.922
25023506204,"Boston, MA--NH--RI",-0.4501677661,17.79991521,62.5
25017351000,"Boston, MA--NH--RI",1.11123685,28.95292614,59.535
25009266100,"Boston, MA--NH--RI",-0.005010974044,67.75142129,67.708
25017341800,"Boston, MA--NH--RI",0.9270484193,18.81441487,42.383
25017363104,"Boston, MA--NH--RI",0.2314617819,84.42307722,115.275
25025981100,"Boston, MA--NH--RI",0.6353293329,55.04434072,43.438
25025010103,"Boston, MA--NH--RI",1.030726186,7.551642242,42.371
25025010701,"Boston, MA--NH--RI",0.8296907975,24.48267307,86.625
25025020301,"Boston, MA--NH--RI",0.9681996655,12.80081856,81.25
25025010801,"Boston, MA--NH--RI",0.7478502157,18.71490157,101.25
25025010802,"Boston, MA--NH--RI",0.8477736714,17.39605549,97.697
25017384001,"Boston, MA--NH--RI",0.1444025629,53.20598566,65.724
25017369000,"Boston, MA--NH--RI",0.2935327723,73.04935341,77.868
25017350600,"Boston, MA--NH--RI",1.100838802,26.15426123,75.417
25017353700,"Boston, MA--NH--RI",1.052070944,28.1209181,72.81
25021412200,"Boston, MA--NH--RI",-0.1116478718,89.56379613,125
25017383502,"Boston, MA--NH--RI",0.4565491417,63.49277358,62.264
25025030500,"Boston, MA--NH--RI",0.7389014654,1.410987153,74.34
25009253203,"Boston, MA--NH--RI",0.021847785,69.31924971,106.22
25009254301,"Boston, MA--NH--RI",0.1916209908,81.78364218,96.842
25017354000,"Boston, MA--NH--RI",1.005441533,46.25876245,77.846
25017315401,"Boston, MA--NH--RI",0.453045905,62.28387339,64.464
25025010104,"Boston, MA--NH--RI",0.8599583198,11.7282561,71.726
25025160300,"Boston, MA--NH--RI",0.9233187311,18.08127171,56.488
25009221800,"Boston, MA--NH--RI",-0.1517355788,50.37345645,73.125
25025070402,"Boston, MA--NH--RI",0.8676653349,6.099462132,40.536
25017374800,"Boston, MA--NH--RI",0.5036035916,64.01339681,96.25
25017367100,"Boston, MA--NH--RI",0.02860966897,95.9279515,147.115
25017317301,"Boston, MA--NH--RI",0.5538495509,64.80700592,72.574
25021441202,"Boston, MA--NH--RI",-0.2211855952,82.58368928,89.318
25017353800,"Boston, MA--NH--RI",1.015140652,36.03353023,74.082
25017374000,"Boston, MA--NH--RI",0.5008683642,73.18094852,100.633
25023542102,"Boston, MA--NH--RI",-0.3969737813,76.98675964,59.773
44007011402,"Boston, MA--NH--RI",-0.2204580645,81.06225569,71.05
25025080601,"Boston, MA--NH--RI",1.055572516,10.93301431,44.211
25027741102,"Boston, MA--NH--RI",-0.02853316156,80.14143579,104.489
25009254403,"Boston, MA--NH--RI",0.2096339337,82.70930823,94.489
25017337201,"Boston, MA--NH--RI",0.469308933,62.59831273,60.972
25021404302,"Boston, MA--NH--RI",0.3056702979,74.0957859,123.098
25017320103,"Boston, MA--NH--RI",-0.2292581766,85.28056237,100.357
25023540102,"Boston, MA--NH--RI",-0.3975399484,42.04089926,53.704
25009215101,"Boston, MA--NH--RI",-0.1651771777,77.14400919,98.355
25017352800,"Boston, MA--NH--RI",1.172651732,22.11736496,60.551
25025070800,"Boston, MA--NH--RI",0.8063351314,30.87363423,94.516
25017361100,"Boston, MA--NH--RI",0.09503648153,76.95272478,121.125
25021409101,"Boston, MA--NH--RI",-0.05323096577,84.06394377,73.218
25017355000,"Boston, MA--NH--RI",1.090791046,32.32026819,73.025
25021400300,"Boston, MA--NH--RI",1.129708834,55.70218508,79.071
25025000302,"Boston, MA--NH--RI",0.915446332,52.75931243,56.055
25017367200,"Boston, MA--NH--RI",0.02506989791,84.14482327,155.104
25017334200,"Boston, MA--NH--RI",0.4623369781,78.2246328,77.083
25017358500,"Boston, MA--NH--RI",0.197772198,91.52715898,122.991
25021400600,"Boston, MA--NH--RI",0.5660936883,77.50853305,69.327
25017382100,"Boston, MA--NH--RI",0.2732608,78.24232152,83.072
25017321400,"Boston, MA--NH--RI",0.17127823,64.53653156,76.176
25021401100,"Boston, MA--NH--RI",0.3029927166,81.30392671,124.275
25021411302,"Boston, MA--NH--RI",-0.02811825313,83.02841534,77.4
25009253201,"Boston, MA--NH--RI",0.483291933,46.24721659,61.648
25021419700,"Boston, MA--NH--RI",0.4128944937,70.52494672,72.962
25025000601,"Boston, MA--NH--RI",1.057567207,20.06719532,51.341
25025080801,"Boston, MA--NH--RI",1.107049899,16.76073773,29.495
25021457200,"Boston, MA--NH--RI",0.5192043301,76.82598712,103.949
25017358400,"Boston, MA--NH--RI",0.107394998,77.21449602,105.337
25021417702,"Boston, MA--NH--RI",0.2532979196,19.29369097,73
25017356602,"Boston, MA--NH--RI",0.2514796823,75.26261546,92.426
25021400400,"Boston, MA--NH--RI",1.055003524,65.41590905,83.038
25009253204,"Boston, MA--NH--RI",-0.1087001038,92.09375504,103.772
25017374500,"Boston, MA--NH--RI",0.9518544551,60.78889955,103.833
25017382200,"Boston, MA--NH--RI",0.3176807103,80.46516752,81.25
25017361200,"Boston, MA--NH--RI",0.2265784411,85.75803444,96.154
25023523201,"Boston, MA--NH--RI",-0.004162539795,80.27566284,53.194
25009214100,"Boston, MA--NH--RI",-0.06513116036,82.17018506,89.938
25021441203,"Boston, MA--NH--RI",-0.1178464787,88.36489086,66.083
25017358100,"Boston, MA--NH--RI",0.1117327624,83.43286841,115.8
25021411301,"Boston, MA--NH--RI",-0.03020558751,83.59626611,85.734
33015054000,"Boston, MA--NH--RI",-0.1376256236,87.68386276,58.798
25017334300,"Boston, MA--NH--RI",0.2462607982,85.90200496,102.504
25009220101,"Boston, MA--NH--RI",-0.5639192026,53.52820558,55.242
25023501202,"Boston, MA--NH--RI",-0.1638485667,87.1605475,132.542
25023507101,"Boston, MA--NH--RI",-0.3994849272,86.97074682,91.172
25009223100,"Boston, MA--NH--RI",-0.03581752229,27.4469579,66.354
25021419500,"Boston, MA--NH--RI",0.3406262842,77.5010798,63.75
25025080100,"Boston, MA--NH--RI",1.123010556,6.794044983,31.817
25023504101,"Boston, MA--NH--RI",-0.3584949511,90.01376124,79.722
25025050300,"Boston, MA--NH--RI",0.5878568705,2.075071076,31.361
25021441204,"Boston, MA--NH--RI",-0.06835734302,68.69259303,71.905
25009268300,"Boston, MA--NH--RI",0.324285386,29.19228263,64.34
25009201100,"Boston, MA--NH--RI",-0.5012208021,19.23359368,71.667
25025000301,"Boston, MA--NH--RI",0.9981736417,49.09849489,60.272
25025080401,"Boston, MA--NH--RI",1.178748434,15.10315981,49.487
25021413300,"Boston, MA--NH--RI",0.1784181409,72.42132505,67.146
25023510600,"Boston, MA--NH--RI",0.1717850708,71.60575172,55
25017335400,"Boston, MA--NH--RI",0.280374831,83.32365983,72.637
25021406101,"Boston, MA--NH--RI",-0.0214831565,87.36060083,105.586
25017339500,"Boston, MA--NH--RI",1.021248119,28.47315353,55.489
33015106101,"Boston, MA--NH--RI",-0.2384495118,87.44471205,79.684
25009251000,"Boston, MA--NH--RI",1.2188613,16.9197238,28.807
25017354600,"Boston, MA--NH--RI",0.9621557392,24.35558287,67.802
25017361300,"Boston, MA--NH--RI",0.03002636403,79.54174091,123.56
25017339400,"Boston, MA--NH--RI",0.8613371443,30.92040052,61.204
25017320104,"Boston, MA--NH--RI",-0.2714573292,87.66235765,96.055
25021415200,"Boston, MA--NH--RI",0.06060681482,73.69964481,77.933
25023524101,"Boston, MA--NH--RI",0.02619776129,75.23154657,55.957
25009268400,"Boston, MA--NH--RI",0.1101495935,13.45109128,79.135
25009211100,"Boston, MA--NH--RI",0.4995177587,36.91881306,63.202
25017324101,"Boston, MA--NH--RI",-0.02505140453,76.7090039,81.813
25023521201,"Boston, MA--NH--RI",0.09062560843,57.12173552,55.893
25009211300,"Boston, MA--NH--RI",0.1720361685,68.24885437,67.154
25017363102,"Boston, MA--NH--RI",0.02586679607,85.12344302,89.671
25009251100,"Boston, MA--NH--RI",1.119219366,18.00613721,24.347
25017385100,"Boston, MA--NH--RI",-0.03780035971,87.75977439,92.676
25017337102,"Boston, MA--NH--RI",0.2020167171,66.00947395,74.025
25005617101,"Boston, MA--NH--RI",-0.2304818161,80.66222044,60.781
25021456101,"Boston, MA--NH--RI",-0.02770719754,81.10606147,60.272
25021422700,"Boston, MA--NH--RI",0.2031737432,42.10216412,58.284
25005611101,"Boston, MA--NH--RI",-0.03618027856,81.1822694,69.884
25021417701,"Boston, MA--NH--RI",0.651460213,20.17733579,60.412
25021422800,"Boston, MA--NH--RI",0.06903448097,9.642081372,58.378
25021408102,"Boston, MA--NH--RI",0.1769151721,82.5040562,67.321
25009260200,"Boston, MA--NH--RI",0.7444868741,34.10061302,39.507
25017317203,"Boston, MA--NH--RI",0.7138851387,67.29769139,78.75
25023510501,"Boston, MA--NH--RI",0.21301759,57.69758982,45.481
25009211402,"Boston, MA--NH--RI",0.3050208366,58.3234162,63.423
25021442101,"Boston, MA--NH--RI",0.05042799989,79.44057867,63.5
25017321100,"Boston, MA--NH--RI",-0.01320018684,84.50118414,71.742
25009217500,"Boston, MA--NH--RI",0.2825553524,42.8914908,67.24
25017341102,"Boston, MA--NH--RI",0.6788000468,41.29364396,47.031
25017356701,"Boston, MA--NH--RI",0.8260662705,34.35755482,78.233
25021416400,"Boston, MA--NH--RI",0.4778359207,56.27636442,86.915
25021419800,"Boston, MA--NH--RI",0.3340668792,47.37400594,58.816
25017326102,"Boston, MA--NH--RI",-0.08695533385,84.29828627,88.25
25009260301,"Boston, MA--NH--RI",0.2760150539,66.52697368,54.088
25017316102,"Boston, MA--NH--RI",0.3383417458,80.713626,65.757
25017339100,"Boston, MA--NH--RI",0.1183929725,76.62454046,73.177
25009210200,"Boston, MA--NH--RI",0.2758241849,67.69266896,64.093
25021417902,"Boston, MA--NH--RI",0.6886602075,33.82228273,50.81
25021456102,"Boston, MA--NH--RI",0.09873677791,80.51865899,51.944
25023542200,"Boston, MA--NH--RI",-0.187019306,83.43221467,54.773
25023525104,"Boston, MA--NH--RI",-0.04775063261,84.17238613,70.444
25009266200,"Boston, MA--NH--RI",-0.07729914806,61.41667397,61.148
25021417601,"Boston, MA--NH--RI",0.4940456613,21.15060191,54.295
25009261000,"Boston, MA--NH--RI",0.7512201174,46.41443501,49.282
25017333100,"Boston, MA--NH--RI",0.3704403115,77.57093057,59.967
25023525101,"Boston, MA--NH--RI",-0.08755207148,75.08782098,52.697
25009252502,"Boston, MA--NH--RI",0.5835726308,69.35436667,46.741
25017330200,"Boston, MA--NH--RI",0.2660587726,74.9521182,66.1
25009269100,"Boston, MA--NH--RI",0.00058560255,48.11923314,69.385
25025130100,"Boston, MA--NH--RI",0.4059723815,58.66132663,69.219
25017331102,"Boston, MA--NH--RI",0.4205123221,71.66040305,66.455
25025170200,"Boston, MA--NH--RI",0.8590751026,32.42629364,46.968
25025000100,"Boston, MA--NH--RI",1.007698625,8.732514714,51.018
25027713100,"Boston, MA--NH--RI",-0.05210565821,76.18117046,66.681
25009210700,"Boston, MA--NH--RI",0.6683605662,30.52388861,45.562
25009208101,"Boston, MA--NH--RI",0.5032820393,56.81903996,54.679
25025130406,"Boston, MA--NH--RI",0.556837094,53.66469972,50.935
25025110607,"Boston, MA--NH--RI",0.5437121569,51.14632915,78.426
25025120301,"Boston, MA--NH--RI",0.825436678,41.31174579,58.875
25017335100,"Boston, MA--NH--RI",0.3581990973,45.70337245,64.609
25025091800,"Boston, MA--NH--RI",0.9269618794,31.88141178,32.073
25017340100,"Boston, MA--NH--RI",0.4109315065,59.86874734,61.974
25009267102,"Boston, MA--NH--RI",-0.002966273089,62.65770277,50.748
25025090700,"Boston, MA--NH--RI",0.8713047457,8.739111094,50.556
25017321200,"Boston, MA--NH--RI",0.1851186482,66.22875468,47.667
25009262100,"Boston, MA--NH--RI",-0.1158366716,80.69126241,74.878
25025100400,"Boston, MA--NH--RI",0.8523983687,39.24230905,42.151
25027744300,"Boston, MA--NH--RI",0.4193231725,31.30301717,39.118
25009260700,"Boston, MA--NH--RI",0.5371529774,65.02060853,43.304
25009208400,"Boston, MA--NH--RI",0.1908298313,75.29801843,67.396
25023502200,"Boston, MA--NH--RI",0.03685282707,73.16845329,61.437
25005613700,"Boston, MA--NH--RI",0.4889514997,58.170509,48.008
25025091600,"Boston, MA--NH--RI",0.8226394792,24.13614378,34.063
25017315500,"Boston, MA--NH--RI",0.4345762582,80.75625701,62.797
25017311300,"Boston, MA--NH--RI",0.9411688773,27.95631152,40.6
25021440100,"Boston, MA--NH--RI",-0.1157701645,75.72535732,64.384
25005615100,"Boston, MA--NH--RI",-0.09030519662,80.98803816,54.799
25009206000,"Boston, MA--NH--RI",0.4766923145,15.02104292,30.344
25017310700,"Boston, MA--NH--RI",0.8563843818,30.1236509,32.679
25009251400,"Boston, MA--NH--RI",0.912976628,35.99475805,36.421
25009208300,"Boston, MA--NH--RI",0.2045804363,69.16473692,56.612
25021422400,"Boston, MA--NH--RI",0.3279154492,64.008534,71.128
25023511200,"Boston, MA--NH--RI",0.3447996697,61.61751318,45.811
25025160502,"Boston, MA--NH--RI",0.8594359373,6.44620629,46.25
25017310602,"Boston, MA--NH--RI",0.6040875881,48.70384199,44.982
25025050101,"Boston, MA--NH--RI",0.6935795391,8.05842762,35.911
25005612200,"Boston, MA--NH--RI",0.04270039885,76.11747115,67.446
25009250200,"Boston, MA--NH--RI",0.7970523779,37.43394159,36.023
25025160101,"Boston, MA--NH--RI",0.8884744707,12.93807983,35.613
25025981202,"Boston, MA--NH--RI",0.4309821411,0.5032902775,21.298
25025010702,"Boston, MA--NH--RI",0.7176781098,21.81353238,102.952
25025010204,"Boston, MA--NH--RI",0.9622746257,3.243740678,60.371
25017354100,"Boston, MA--NH--RI",0.9481674422,52.22599054,81.993
25025000803,"Boston, MA--NH--RI",1.034551529,9.408520475,78.375
25017353600,"Boston, MA--NH--RI",1.088812776,47.59094738,77.721
25017338300,"Boston, MA--NH--RI",0.4751026328,77.43969425,127.109
25025120105,"Boston, MA--NH--RI",0.3197316791,80.34324959,99.8
25017354700,"Boston, MA--NH--RI",1.108709385,40.01862866,72.469
25025010500,"Boston, MA--NH--RI",0.8071102366,3.704776377,62.063
25021404202,"Boston, MA--NH--RI",0.3136666024,76.52090456,149.375
25021417300,"Boston, MA--NH--RI",0.3350372135,9.739005057,67.759
25017357600,"Boston, MA--NH--RI",0.7626031694,38.66800017,65.479
25025070300,"Boston, MA--NH--RI",0.7117792187,12.70618086,93.676
25021416102,"Boston, MA--NH--RI",-0.06108907849,91.02547869,92.143
25017353101,"Boston, MA--NH--RI",1.085129739,7.810384369,60.826
25025000703,"Boston, MA--NH--RI",1.193653972,4.937782693,37.619
25025110601,"Boston, MA--NH--RI",0.3650567304,81.50642235,73.75
25025071101,"Boston, MA--NH--RI",1.082295655,16.12347453,82.143
25017374400,"Boston, MA--NH--RI",0.6478281132,78.39996548,134.306
25021403300,"Boston, MA--NH--RI",0.207179396,89.76213309,110.263
25017365202,"Boston, MA--NH--RI",0.1178004038,88.32802511,127.841
25005985600,"Boston, MA--NH--RI",-0.1084227895,83.6478666,76.324
25017358600,"Boston, MA--NH--RI",0.3306637791,76.29910231,132.588
25025070900,"Boston, MA--NH--RI",0.8198808897,21.79649615,82.629
25017326101,"Boston, MA--NH--RI",-0.06456677395,81.3902157,95.648
25025020303,"Boston, MA--NH--RI",0.9503066481,3.989293399,90.893
25025030300,"Boston, MA--NH--RI",0.6313958418,3.697216785,97.591
25025120700,"Boston, MA--NH--RI",0.7756543416,28.11295708,70.493
25021400500,"Boston, MA--NH--RI",0.9323071689,67.6634289,74.045
25017382601,"Boston, MA--NH--RI",0.516893218,83.12186007,68.162
25021415101,"Boston, MA--NH--RI",0.2768352779,80.08925314,86.029
25009260302,"Boston, MA--NH--RI",0.004596737183,71.25387327,69.861
25009261101,"Boston, MA--NH--RI",0.2326916645,63.62591409,71.729
25021403400,"Boston, MA--NH--RI",0.2299134596,86.84720361,113.897
25017373800,"Boston, MA--NH--RI",0.3815667437,79.22744126,103.274
25017336100,"Boston, MA--NH--RI",0.3500065527,64.46601313,84.487
25017338200,"Boston, MA--NH--RI",0.6326028698,51.60749991,76.011
25025130404,"Boston, MA--NH--RI",0.5376645855,64.8625747,59.575
25017383300,"Boston, MA--NH--RI",0.4179082858,44.94153239,61.25
25025070500,"Boston, MA--NH--RI",0.8432648147,32.11009047,97.809
25021402300,"Boston, MA--NH--RI",0.4823517455,73.53663904,73.9
33015065008,"Boston, MA--NH--RI",0.03543878899,5.564665581,44.034
25021419200,"Boston, MA--NH--RI",0.5683282624,64.79408524,64.158
25017357700,"Boston, MA--NH--RI",0.284871788,66.88947608,68.841
25017373100,"Boston, MA--NH--RI",1.083030753,53.20881088,64.779
25025070200,"Boston, MA--NH--RI",0.6199027408,3.087649076,47.708
25009254402,"Boston, MA--NH--RI",0.1678950645,77.29360223,123.848
25021420201,"Boston, MA--NH--RI",0.2464972052,70.28649762,51.25
25009266300,"Boston, MA--NH--RI",0.2687756298,53.30507127,52.162
25025000202,"Boston, MA--NH--RI",1.044362004,37.1265417,58.563
25009203100,"Boston, MA--NH--RI",0.1680988076,50.83829298,113.711
25017336200,"Boston, MA--NH--RI",0.3920676237,67.17593855,92.89
25017368902,"Boston, MA--NH--RI",0.8408938534,45.88460942,56.096
25025130200,"Boston, MA--NH--RI",0.4661057794,57.54643413,69.219
25025060800,"Boston, MA--NH--RI",0.9584557187,9.273302884,67.827
25021423100,"Boston, MA--NH--RI",-0.3066652127,26.21482446,111.914
25017333502,"Boston, MA--NH--RI",0.6386120581,54.59357549,54.146
25027745100,"Boston, MA--NH--RI",0.04621930588,80.14127294,64.432
25021418101,"Boston, MA--NH--RI",0.6602451902,66.02612387,61.848
25009217600,"Boston, MA--NH--RI",-0.185556272,55.02808504,79.311
25017339200,"Boston, MA--NH--RI",0.4036139218,59.0173433,81.138
25025091400,"Boston, MA--NH--RI",0.9198133923,36.87071198,41.497
25017382500,"Boston, MA--NH--RI",0.3700522107,49.5656085,84.21
25017356702,"Boston, MA--NH--RI",0.5755371032,56.93672063,78.807
25009204200,"Boston, MA--NH--RI",0.5694870676,29.11032757,46.033
25021408101,"Boston, MA--NH--RI",0.06127290232,84.24217783,75.281
25009204300,"Boston, MA--NH--RI",0.5272123073,3.621814267,38.458
25023509101,"Boston, MA--NH--RI",-0.3324672689,76.46914017,66.94
25023505200,"Boston, MA--NH--RI",-0.3095499951,28.48050189,82.1
25009268200,"Boston, MA--NH--RI",0.1946115211,51.02966602,77.857
25017370400,"Boston, MA--NH--RI",1.031284229,33.22823249,57.471
25023510503,"Boston, MA--NH--RI",0.183268473,58.5691931,41.481
25009206800,"Boston, MA--NH--RI",0.6952892815,13.47173212,33.894
25017316400,"Boston, MA--NH--RI",0.2621153533,74.5219701,56.25
25025081700,"Boston, MA--NH--RI",0.9711922982,33.20254974,38.931
25023542101,"Boston, MA--NH--RI",-0.3776859892,77.8845836,53.413
25017383600,"Boston, MA--NH--RI",0.428513223,64.41638585,61.04
25021407100,"Boston, MA--NH--RI",0.1068132655,83.73985882,74.297
25017312300,"Boston, MA--NH--RI",0.7625945274,63.45107323,43.011
25017370101,"Boston, MA--NH--RI",1.023902172,43.89627945,72.888
25017350700,"Boston, MA--NH--RI",1.022307726,28.60068679,56.378
25017315200,"Boston, MA--NH--RI",0.3263101334,77.35895285,71.336
25017310100,"Boston, MA--NH--RI",1.071892595,12.99582097,49.853
25005614000,"Boston, MA--NH--RI",0.6190837698,53.50786627,37.486
25017333200,"Boston, MA--NH--RI",0.5479770767,66.50753358,62.464
25005613600,"Boston, MA--NH--RI",0.3560268183,41.95409539,41.13
25021442202,"Boston, MA--NH--RI",0.01102165571,78.67426339,72.527
25017351403,"Boston, MA--NH--RI",1.075937919,14.72130335,44.352
25023502101,"Boston, MA--NH--RI",0.1332491072,70.95573454,51.294
25017341400,"Boston, MA--NH--RI",1.030465056,22.68164898,44.742
25025051101,"Boston, MA--NH--RI",0.5811560169,14.21151016,41.142
25023511600,"Boston, MA--NH--RI",0.3793819177,48.88921803,40.663
25025170300,"Boston, MA--NH--RI",0.6141718963,24.01493286,50.082
25025010405,"Boston, MA--NH--RI",0.8241139843,20.84724369,35.769
25017353102,"Boston, MA--NH--RI",1.023384403,6.695043941,39.653
25017353900,"Boston, MA--NH--RI",0.95053803,26.55087234,51.128
25017373600,"Boston, MA--NH--RI",0.365643009,78.72143731,147
25025000402,"Boston, MA--NH--RI",0.9059188774,45.69730196,60.75
25025000502,"Boston, MA--NH--RI",0.6222589176,26.98928183,53.75
25017352102,"Boston, MA--NH--RI",1.198897735,9.072002142,67.386
25021400100,"Boston, MA--NH--RI",1.053780687,61.06473777,69.054
25021402500,"Boston, MA--NH--RI",0.1386521334,80.83190819,103.166
25025081100,"Boston, MA--NH--RI",0.9110467995,39.07536319,51.87
25025081500,"Boston, MA--NH--RI",0.9250185574,53.9482309,42.222
25025100603,"Boston, MA--NH--RI",0.6561759517,11.3543895,63.9
25017366100,"Boston, MA--NH--RI",0.1780839286,80.18053905,94.792
25017382300,"Boston, MA--NH--RI",0.1103469186,86.0453331,95.586
25021401200,"Boston, MA--NH--RI",0.2145467734,69.17967538,101.577
25017336402,"Boston, MA--NH--RI",0.3708353374,53.97569126,65.042
25025000201,"Boston, MA--NH--RI",1.020484809,33.5334388,56.312
25005600100,"Boston, MA--NH--RI",-0.02208452585,83.05868255,64.688
33015051000,"Boston, MA--NH--RI",-0.4716863612,88.3807629,77.188
25025120400,"Boston, MA--NH--RI",0.6170876456,59.52592067,71.958
25025060101,"Boston, MA--NH--RI",0.2998999381,10.38743324,69.261
25017358300,"Boston, MA--NH--RI",0.06817675028,81.52627352,126.52
25025091001,"Boston, MA--NH--RI",0.6944263396,16.61318166,61.471
25023508200,"Boston, MA--NH--RI",-0.3141924203,81.17847239,75.058
25017311900,"Boston, MA--NH--RI",1.204628333,17.38030474,31.91
25023530600,"Boston, MA--NH--RI",-0.6246173256,76.98612055,60.336
25017373200,"Boston, MA--NH--RI",1.120802408,36.44101411,55.263
25017373900,"Boston, MA--NH--RI",0.4104849747,81.892543,130.833
25017311100,"Boston, MA--NH--RI",1.067013096,12.94758011,30
25017351300,"Boston, MA--NH--RI",1.149110907,29.67214564,56.345
25023506101,"Boston, MA--NH--RI",-0.4474006379,67.33675239,76.641
25009204101,"Boston, MA--NH--RI",0.4355991331,23.33124496,54.977
25017387201,"Boston, MA--NH--RI",0.04611792041,84.27724526,87.903
25009260500,"Boston, MA--NH--RI",0.2889676295,75.34991398,63.708
25023501102,"Boston, MA--NH--RI",0.03861260202,59.41810083,94.932
25021410100,"Boston, MA--NH--RI",-0.09254202882,79.12421338,67.143
25025180500,"Boston, MA--NH--RI",0.2787988995,2.081522685,59.19
25009253202,"Boston, MA--NH--RI",0.3216732055,67.89042405,64.185
25009206500,"Boston, MA--NH--RI",0.6213175658,24.33306332,37.125
25023530500,"Boston, MA--NH--RI",-0.4401992467,48.98324353,46.18
25025090100,"Boston, MA--NH--RI",0.8034100954,27.62096591,38.443
25021421200,"Boston, MA--NH--RI",-0.1067187779,84.1442672,54.701
25023520100,"Boston, MA--NH--RI",0.07931016577,75.09346602,57.535
25005613100,"Boston, MA--NH--RI",0.1045794092,72.08443605,50.629
33015065001,"Boston, MA--NH--RI",0.02120760027,74.5781634,57.381
25009252300,"Boston, MA--NH--RI",0.5346973401,60.05242472,41.795
33011012300,"Boston, MA--NH--RI",0.09256061695,79.63627551,64.616
25017383200,"Boston, MA--NH--RI",0.4840694587,56.53538607,42.448
25021420302,"Boston, MA--NH--RI",0.2327676544,73.01144444,51.947
25017353000,"Boston, MA--NH--RI",1.095417691,26.09207555,62.608
25017353300,"Boston, MA--NH--RI",1.042054181,38.18862512,64.531
25017354300,"Boston, MA--NH--RI",0.9167764863,38.42194336,75.643
25025000504,"Boston, MA--NH--RI",0.9070597691,34.60388639,51.886
25005611102,"Boston, MA--NH--RI",-0.00136747706,89.36347183,74.314
25017353200,"Boston, MA--NH--RI",1.037478432,27.29973082,57.368
25017373500,"Boston, MA--NH--RI",0.7908406121,79.17379664,114.934
25017359100,"Boston, MA--NH--RI",0.2975964523,78.72995759,93.871
25009254200,"Boston, MA--NH--RI",0.243456684,74.90583669,78.438
25009211401,"Boston, MA--NH--RI",0.2479036366,64.05702414,55.326
25023511702,"Boston, MA--NH--RI",0.3682005015,51.43428024,53.462
25025081001,"Boston, MA--NH--RI",0.9617064743,14.60468482,36.215
25027761400,"Boston, MA--NH--RI",-0.1381651894,78.82368339,87.083
25023510900,"Boston, MA--NH--RI",0.6730871471,12.24694103,30.915
25017351100,"Boston, MA--NH--RI",1.11590021,35.54493941,57.201
25017368400,"Boston, MA--NH--RI",0.6307806981,53.26532972,64.959
25009208102,"Boston, MA--NH--RI",0.4056269484,15.73205608,51.818
25017341300,"Boston, MA--NH--RI",0.8116553441,9.553235564,54.605
25017334400,"Boston, MA--NH--RI",0.214823471,84.41359091,75
25025090600,"Boston, MA--NH--RI",1.092518853,24.17529944,31.598
25017383901,"Boston, MA--NH--RI",0.02308935719,89.34933149,78.361
25009206700,"Boston, MA--NH--RI",0.7709766136,20.40942408,37.267
25009217100,"Boston, MA--NH--RI",0.01325380929,67.05387944,71.075
25017310500,"Boston, MA--NH--RI",0.9369147248,25.80340477,46.683
25023530200,"Boston, MA--NH--RI",-0.3895993681,23.33785479,43.5
25017342101,"Boston, MA--NH--RI",1.007970996,24.20123927,37.458
25017316500,"Boston, MA--NH--RI",0.4632301336,73.99635838,58.274
25017310601,"Boston, MA--NH--RI",0.3010589212,70.45198858,50.047
25009212100,"Boston, MA--NH--RI",-0.03090539693,80.36160009,84.903
25009206900,"Boston, MA--NH--RI",0.846356855,10.06161734,43.702
25025101002,"Boston, MA--NH--RI",0.7815741713,47.53832433,45.271
25005613800,"Boston, MA--NH--RI",0.5636298138,30.30447534,42.703
25025101102,"Boston, MA--NH--RI",0.7715302469,34.36176061,40.412
25009210300,"Boston, MA--NH--RI",0.3774776571,56.77527733,54.261
25025000802,"Boston, MA--NH--RI",1.091845474,12.34475797,44.355
25017383400,"Boston, MA--NH--RI",0.6171901794,51.03172626,45.675
25017311400,"Boston, MA--NH--RI",0.7527765813,38.33160608,41.291
25027744200,"Boston, MA--NH--RI",0.2774857921,62.17370871,51.461
25025092101,"Boston, MA--NH--RI",0.8093281637,20.17941853,46.801
25023542300,"Boston, MA--NH--RI",-0.04528390396,71.63326271,48.131
25009216100,"Boston, MA--NH--RI",-0.1176203108,80.7275593,82.411
25025071201,"Boston, MA--NH--RI",0.8879589422,4.930618942,78.988
25009207000,"Boston, MA--NH--RI",0.8703873082,8.729305056,35.212
33015060000,"Boston, MA--NH--RI",-0.07870735229,77.37092301,73.135
25021416101,"Boston, MA--NH--RI",0.1964200665,81.39891355,100.666
25021414100,"Boston, MA--NH--RI",-0.1949791865,86.31602108,79.276
25021413402,"Boston, MA--NH--RI",0.4846167578,65.9210737,70.473
25017374100,"Boston, MA--NH--RI",0.6083443728,58.88665997,83.564
25025070101,"Boston, MA--NH--RI",0.6032848629,3.264949962,97.842
25009221700,"Boston, MA--NH--RI",0.0392503394,25.91755762,52.367
25027761200,"Boston, MA--NH--RI",0.09781975282,69.4119665,74.764
25025000701,"Boston, MA--NH--RI",1.006719967,20.35629048,46.883
25023503102,"Boston, MA--NH--RI",-0.1312873607,83.89984506,73.574
25017388300,"Boston, MA--NH--RI",0.975615408,13.84090657,43.857
25017359300,"Boston, MA--NH--RI",0.1974154041,78.99120987,93.977
25009270100,"Boston, MA--NH--RI",0.01240104613,62.33500283,71.346
25009202102,"Boston, MA--NH--RI",0.2954970624,59.80531285,58.203
25021413200,"Boston, MA--NH--RI",0.4433486632,60.14608471,66.192
25009217400,"Boston, MA--NH--RI",0.3322594678,14.45801562,50.881
25023510400,"Boston, MA--NH--RI",0.6588949253,29.33289592,38.278
33015100400,"Boston, MA--NH--RI",0.3712019437,73.21626064,60.274
25009251700,"Boston, MA--NH--RI",0.9564207671,50.14820657,35.562
25021422302,"Boston, MA--NH--RI",0.2899876951,64.918338,63.341
25025100100,"Boston, MA--NH--RI",0.7427566625,24.11966964,42.21
25009260800,"Boston, MA--NH--RI",0.7912766438,38.89365495,40.179
25009206400,"Boston, MA--NH--RI",0.5021314573,37.30546135,42.489
25017350200,"Boston, MA--NH--RI",1.079378499,25.53842439,60.142
25025140300,"Boston, MA--NH--RI",0.5559902335,40.62580057,41.592
25017310200,"Boston, MA--NH--RI",0.723836776,52.17837383,45.971
25009250800,"Boston, MA--NH--RI",0.9990407521,36.62369796,29.005
25025010300,"Boston, MA--NH--RI",0.9247418942,20.29682319,30.395
25025010404,"Boston, MA--NH--RI",0.8063351314,10.13688043,50.324
25017368901,"Boston, MA--NH--RI",0.3019627575,80.6561077,62.174
25025010203,"Boston, MA--NH--RI",0.8672487841,9.072751144,66.402
25009204102,"Boston, MA--NH--RI",0.2686997247,66.22659484,58.906
25023510300,"Boston, MA--NH--RI",0.555281172,35.0096078,43.5
25025081300,"Boston, MA--NH--RI",0.8756546646,25.02854478,36.859
25005613300,"Boston, MA--NH--RI",0.04460065578,85.19513269,61.336
25009205900,"Boston, MA--NH--RI",0.3571499601,34.76908577,41.543
25021404400,"Boston, MA--NH--RI",0.2439589751,79.59651953,135.066
25017365201,"Boston, MA--NH--RI",0.1124532361,90.8914483,124.353
25017352500,"Boston, MA--NH--RI",1.17227716,36.18370234,60.791
25009223200,"Boston, MA--NH--RI",0.07881109955,63.653327,56.689
25025091200,"Boston, MA--NH--RI",0.8237009739,29.34342195,57.235
25021403500,"Boston, MA--NH--RI",0.5318185104,59.12685844,85.25
25025160601,"Boston, MA--NH--RI",0.9911122939,32.78048556,42.278
25017388200,"Boston, MA--NH--RI",-0.1170355593,84.58338801,52.109
25009260100,"Boston, MA--NH--RI",0.8414361087,16.17760137,44.509
25023511301,"Boston, MA--NH--RI",0.5776579788,63.212032,42.292
25017350104,"Boston, MA--NH--RI",1.024747413,15.96979327,42.491
25009250400,"Boston, MA--NH--RI",1.175942975,22.61325927,24.63
25017342400,"Boston, MA--NH--RI",1.07926117,5.725836318,45.589
25025040801,"Boston, MA--NH--RI",0.7226906837,2.561549702,85.039
25025140202,"Boston, MA--NH--RI",0.599070812,67.71764504,56.519
25021400800,"Boston, MA--NH--RI",1.048249361,45.91633347,64.873
25009221500,"Boston, MA--NH--RI",0.2015673813,5.998372243,36.09
25005611202,"Boston, MA--NH--RI",-0.03230804647,76.53042831,68.258
25017368800,"Boston, MA--NH--RI",1.096547847,31.26364493,46.738
25023510800,"Boston, MA--NH--RI",0.6028583025,41.66273243,32.118
25009221400,"Boston, MA--NH--RI",0.08224831191,38.23601523,41.328
25009206100,"Boston, MA--NH--RI",0.6630418971,9.753479926,32.743
25025092000,"Boston, MA--NH--RI",0.8823796786,26.42828969,40.315
25017321300,"Boston, MA--NH--RI",0.09207462867,63.86260157,45.838
25017321500,"Boston, MA--NH--RI",0.05269868201,70.83481065,57
25017368600,"Boston, MA--NH--RI",0.9336805797,32.97243189,59.073
25017325100,"Boston, MA--NH--RI",0.1960250964,65.1455865,65.102
25017368500,"Boston, MA--NH--RI",0.9779041017,16.98725673,52.806
25017383101,"Boston, MA--NH--RI",0.6161964585,46.50530233,32.126
25025020302,"Boston, MA--NH--RI",0.6335090445,11.01690756,87.475
25025120103,"Boston, MA--NH--RI",0.5649462247,62.551961,84.375
25017315403,"Boston, MA--NH--RI",0.441764884,87.04905125,64.511
25025000503,"Boston, MA--NH--RI",0.9070597691,28.41927103,62.841
25017350103,"Boston, MA--NH--RI",0.9924245051,4.44575743,50.787
25017354500,"Boston, MA--NH--RI",1.078168346,68.03018664,74.844
25009253205,"Boston, MA--NH--RI",-0.1318414606,94.11917364,94.667
25025040100,"Boston, MA--NH--RI",0.9091816299,14.60271807,89.497
25025020200,"Boston, MA--NH--RI",0.8855250844,9.224432801,72.979
25017341901,"Boston, MA--NH--RI",0.8675832139,23.38971193,47.773
25017350800,"Boston, MA--NH--RI",1.113626239,28.70340099,62.159
25025010403,"Boston, MA--NH--RI",0.8063351314,2.393249749,65.286
25017366201,"Boston, MA--NH--RI",0.04165309549,86.28636015,125.521
25017363103,"Boston, MA--NH--RI",-0.06391983732,88.75265076,109.074
33015064000,"Boston, MA--NH--RI",-0.07045063034,70.23042996,75.893
25009254401,"Boston, MA--NH--RI",0.2255073321,82.58654369,95.057
25025040200,"Boston, MA--NH--RI",0.6767811023,16.19533369,72.351
25017357500,"Boston, MA--NH--RI",0.7598173747,55.26048175,79.583
25025180400,"Boston, MA--NH--RI",0.2787988995,9.867468365,52.778
33015062000,"Boston, MA--NH--RI",-0.1756160297,82.02373754,62.196
25021404301,"Boston, MA--NH--RI",0.2223749673,96.36570962,151.902
25017317202,"Boston, MA--NH--RI",0.3503827505,86.10044052,87.355
25023507103,"Boston, MA--NH--RI",-0.4504529224,51.55937705,93.023
25017318400,"Boston, MA--NH--RI",0.09230460224,80.42237793,95.125
25023500103,"Boston, MA--NH--RI",-0.3211093453,8.138096448,64.861
25017337101,"Boston, MA--NH--RI",0.4880048329,69.43253553,70.347
25017357100,"Boston, MA--NH--RI",0.6660262196,72.87945317,98.836
25017357200,"Boston, MA--NH--RI",0.7698493189,58.08247021,112.721
25021406102,"Boston, MA--NH--RI",-0.02106760424,93.70533178,105.917
25017338100,"Boston, MA--NH--RI",0.7247334649,81.51756353,101.25
25017366202,"Boston, MA--NH--RI",0.05227806166,82.92578994,118.542
25021417802,"Boston, MA--NH--RI",0.02355368776,14.53022483,43.088
25025140106,"Boston, MA--NH--RI",0.4856638881,56.64461584,35.932
25021400700,"Boston, MA--NH--RI",0.7957677064,48.49080579,103.516
25017314302,"Boston, MA--NH--RI",0.09318130785,72.10662351,70.053
25021409102,"Boston, MA--NH--RI",0.007301370352,85.34258605,92.798
25017352400,"Boston, MA--NH--RI",1.158489837,17.71735647,42.386
25021404100,"Boston, MA--NH--RI",0.4690411744,78.80984793,104.844
25021422301,"Boston, MA--NH--RI",0.1867076715,79.35355624,65.265
25017387202,"Boston, MA--NH--RI",-0.1575919561,91.21497073,91.384
25017386100,"Boston, MA--NH--RI",0.004183808849,88.84656709,134.398
25009252603,"Boston, MA--NH--RI",0.2006376071,79.64983636,56.516
25023504102,"Boston, MA--NH--RI",-0.3039440574,85.62570403,111.912
25017327101,"Boston, MA--NH--RI",-0.08276672536,85.11448259,80.306
25009217202,"Boston, MA--NH--RI",0.3206953563,49.55962168,69.934
25023525204,"Boston, MA--NH--RI",-0.08687148475,76.8200563,63.266
25023543100,"Boston, MA--NH--RI",-0.3260558643,77.54902816,62.25
25009221902,"Boston, MA--NH--RI",-0.3211452716,60.02131314,54.572
25017318300,"Boston, MA--NH--RI",0.04585406015,87.94514117,106.044
25021412100,"Boston, MA--NH--RI",0.09083514769,87.16746949,104.626
25009203301,"Boston, MA--NH--RI",-0.1140428262,41.74425436,66.284
25009252202,"Boston, MA--NH--RI",0.1361062721,79.95200434,66.833
25025170502,"Boston, MA--NH--RI",0.1787428559,5.401564542,60.873
25021410300,"Boston, MA--NH--RI",-0.09133891253,88.17682158,73.35
25025110301,"Boston, MA--NH--RI",0.6814704804,42.75554166,51.737
25009221901,"Boston, MA--NH--RI",-0.516243979,81.60017082,51.955
25009203200,"Boston, MA--NH--RI",-0.06257242259,26.57996501,78.728
25025120500,"Boston, MA--NH--RI",0.9170806992,36.39924617,50.299
25021414300,"Boston, MA--NH--RI",-0.1059939237,86.81651575,87.984
25021401000,"Boston, MA--NH--RI",0.6970775818,68.77259666,84.909
25025061000,"Boston, MA--NH--RI",1.012132233,7.353767884,61.375
25021456301,"Boston, MA--NH--RI",0.2747857361,48.42500145,52.049
25009266400,"Boston, MA--NH--RI",0.03181957761,74.537065,61.25
25023540101,"Boston, MA--NH--RI",-0.08897016042,71.28885658,61.375
25025081200,"Boston, MA--NH--RI",0.9560093489,24.78098823,40.763
25017374600,"Boston, MA--NH--RI",0.9110084483,68.28454159,88.25
25009203302,"Boston, MA--NH--RI",-0.1373448938,24.53466267,109.5
25021402101,"Boston, MA--NH--RI",0.4423161061,64.35497216,71.354
25023524102,"Boston, MA--NH--RI",0.0648942072,73.02022748,58.347
25025110201,"Boston, MA--NH--RI",0.7153077065,47.63732888,42.163
25017322100,"Boston, MA--NH--RI",0.1457103269,78.12714542,72.237
25017340000,"Boston, MA--NH--RI",0.3560598814,23.09182826,58.487
33011200100,"Boston, MA--NH--RI",-0.07484195749,84.38421353,61.115
25023506203,"Boston, MA--NH--RI",-0.2940568904,51.8661245,68.293
25017301102,"Boston, MA--NH--RI",-0.3306511927,92.1559317,57.572
25009213100,"Boston, MA--NH--RI",-0.1445439533,90.24148994,102.601
25017315100,"Boston, MA--NH--RI",0.4155386434,71.05436892,68.364
25005613400,"Boston, MA--NH--RI",-0.001531425628,80.73012539,56.441
25009250300,"Boston, MA--NH--RI",1.108862193,13.80045216,30.542
25017336401,"Boston, MA--NH--RI",0.4318522079,70.76154261,62.464
33011200300,"Boston, MA--NH--RI",-0.0174875716,83.05553811,73.143
25005610203,"Boston, MA--NH--RI",0.1250317501,83.23307753,79.565
25005613901,"Boston, MA--NH--RI",0.3019841515,67.74916023,42.15
25009205600,"Boston, MA--NH--RI",0.1706420299,56.79176193,49.98
25023520201,"Boston, MA--NH--RI",-0.1221557238,75.06497677,52.22
33015050000,"Boston, MA--NH--RI",-0.7094098646,89.57478818,57.721
25009252602,"Boston, MA--NH--RI",0.1111640308,76.09950885,64.428
25027744102,"Boston, MA--NH--RI",-0.1682304509,79.27131283,63.665
25017339801,"Boston, MA--NH--RI",1.111574455,11.18667202,68.491
25017316101,"Boston, MA--NH--RI",0.3369921268,84.31620428,66.875
33015102100,"Boston, MA--NH--RI",-0.1411113022,88.64481076,58.855
25017322400,"Boston, MA--NH--RI",0.3508620259,65.39235201,55.046
25025050400,"Boston, MA--NH--RI",0.5878568705,12.564209,36.845
25023544100,"Boston, MA--NH--RI",-0.2809824171,63.1347705,58.628
25025050500,"Boston, MA--NH--RI",0.5878568705,10.2571893,34.34
25021411100,"Boston, MA--NH--RI",0.03684715009,80.68448776,78.198
25017339700,"Boston, MA--NH--RI",1.122336818,16.25753812,42.115
33011011102,"Boston, MA--NH--RI",0.5764375317,31.31496183,52.708
25023520202,"Boston, MA--NH--RI",-0.1474647569,81.3054166,60.064
25025110502,"Boston, MA--NH--RI",0.6092690371,42.5955429,52.271
25017317302,"Boston, MA--NH--RI",0.373223397,73.14052619,69.788
25025170501,"Boston, MA--NH--RI",0.365886686,5.741370617,43.125
25021413100,"Boston, MA--NH--RI",0.5989668672,59.11655539,63.373
25009210800,"Boston, MA--NH--RI",0.6822506977,23.15865456,44.057
25025180101,"Boston, MA--NH--RI",0.2657598552,15.32057195,59.918
25021416200,"Boston, MA--NH--RI",0.5787164382,77.74456229,74.87
25021417501,"Boston, MA--NH--RI",0.5131079261,8.548789719,60.537
33015063002,"Boston, MA--NH--RI",0.09362474126,33.91870046,52.842
25009205700,"Boston, MA--NH--RI",0.3690039739,42.24477154,49.637
33015100200,"Boston, MA--NH--RI",0.1734338306,80.73527564,55.994
25017312100,"Boston, MA--NH--RI",1.146219074,36.64753396,43.582
25017314101,"Boston, MA--NH--RI",0.2104841761,74.66247732,60.045
25025160400,"Boston, MA--NH--RI",1.157496445,2.914813328,35.95
25017321600,"Boston, MA--NH--RI",0.007983905834,66.17757783,70.332
25017311200,"Boston, MA--NH--RI",1.082216192,23.78040497,37.713
25023523202,"Boston, MA--NH--RI",-0.113458008,79.26607864,61.091
25009260900,"Boston, MA--NH--RI",0.5101548989,58.52230627,51.099
25023510100,"Boston, MA--NH--RI",0.08102440842,66.36824396,46.169
25023526100,"Boston, MA--NH--RI",-0.2190275962,67.86507861,56.605
25017314102,"Boston, MA--NH--RI",0.4045874075,70.04042955,61.178
25025101001,"Boston, MA--NH--RI",0.7137457885,58.46897296,39.015
25009206200,"Boston, MA--NH--RI",0.622859218,29.10969295,33.666
25025050901,"Boston, MA--NH--RI",0.7883995375,4.402761366,42.691
25025160501,"Boston, MA--NH--RI",1.149555084,14.76022442,35.514
25017342300,"Boston, MA--NH--RI",1.075781156,11.25865182,46.984
25025981300,"Boston, MA--NH--RI",0.5861123548,0.628124765,90.313
25025010408,"Boston, MA--NH--RI",0.8722771604,16.05949753,60.424
25025030200,"Boston, MA--NH--RI",0.8841654809,2.217303852,69.902
25017317201,"Boston, MA--NH--RI",0.195596815,89.79704286,84.383
25017373700,"Boston, MA--NH--RI",0.5976486067,81.01372364,142.847
25025120600,"Boston, MA--NH--RI",0.7983622777,52.4411654,68.048
25017353400,"Boston, MA--NH--RI",1.015216169,23.4706644,63.618
25017350900,"Boston, MA--NH--RI",1.130200742,31.14169842,66.424
25023501201,"Boston, MA--NH--RI",-0.0646871042,86.83354648,103.966
25017362100,"Boston, MA--NH--RI",-0.06531295335,92.49278406,149.583
25023506202,"Boston, MA--NH--RI",-0.259614058,81.52122885,74.01
25025040401,"Boston, MA--NH--RI",0.9426889657,10.40724198,78.205
25021402200,"Boston, MA--NH--RI",0.6605590234,58.21263103,54.366
25009222100,"Boston, MA--NH--RI",-0.2091882465,55.93289282,72.125
25021442201,"Boston, MA--NH--RI",-0.165514662,81.57888922,93.912
25017352700,"Boston, MA--NH--RI",1.212347885,16.49378475,61.25
25017357300,"Boston, MA--NH--RI",0.9407460711,47.54701981,80.231
25027715100,"Boston, MA--NH--RI",-0.257543939,83.33469672,101.031
25017382400,"Boston, MA--NH--RI",0.2792014244,77.61351681,84.095
25017300100,"Boston, MA--NH--RI",-1.340405151,90.8871677,61.359
25025040300,"Boston, MA--NH--RI",0.7432613195,11.63678109,83.787
25021442103,"Boston, MA--NH--RI",0.05897040579,87.42383835,88.333
25017388100,"Boston, MA--NH--RI",-0.1140513364,86.68943541,99.276
25009221600,"Boston, MA--NH--RI",-0.002086301444,40.13713864,48.977
25017327103,"Boston, MA--NH--RI",-0.150655999,83.1966198,68.606
25025060501,"Boston, MA--NH--RI",0.5262626676,9.153659169,73.664
25023530100,"Boston, MA--NH--RI",-0.2172199091,56.54943783,54.549
25025000401,"Boston, MA--NH--RI",0.9083363238,32.61764441,58.426
25023500101,"Boston, MA--NH--RI",-1.739516688,2.130575853,64.033
33015104102,"Boston, MA--NH--RI",-0.2709448213,82.96816158,63.884
33015103100,"Boston, MA--NH--RI",-0.1805503187,85.8742829,72.775
33011200200,"Boston, MA--NH--RI",0.1142826789,84.23765178,65.725
25021456402,"Boston, MA--NH--RI",-0.1597119113,87.6069535,62.736
25021456302,"Boston, MA--NH--RI",0.2924690591,64.29358904,55.983
25017356400,"Boston, MA--NH--RI",0.3296649299,68.51976491,103.544
25017336300,"Boston, MA--NH--RI",0.3663072512,69.14751688,78.269
25017317101,"Boston, MA--NH--RI",0.2813880391,78.36768307,72.88
25017318100,"Boston, MA--NH--RI",0.1117301331,76.626638,86.736
25025082000,"Boston, MA--NH--RI",0.9331467256,36.7315975,46.206
25021411200,"Boston, MA--NH--RI",0.3059211928,77.78585459,80.692
25023508102,"Boston, MA--NH--RI",-0.2078347694,68.27973413,61.653
25009260600,"Boston, MA--NH--RI",0.5559612339,63.02988124,40.989
25025101101,"Boston, MA--NH--RI",0.6864722682,34.2663463,40.673
25009267101,"Boston, MA--NH--RI",-0.06726878248,17.7265079,54.088
25027744101,"Boston, MA--NH--RI",-0.2027553906,89.881937,67.065
25009261102,"Boston, MA--NH--RI",0.3668483726,55.84130915,56.094
25021417801,"Boston, MA--NH--RI",-0.0338752364,6.483119114,71.75
25025050600,"Boston, MA--NH--RI",0.5894999053,10.31668238,39.871
33015055002,"Boston, MA--NH--RI",-0.3254660917,87.26753585,53.211
25017339600,"Boston, MA--NH--RI",1.144143268,12.25040766,55.512
25021418004,"Boston, MA--NH--RI",0.7164183033,26.36021313,47.965
25025100800,"Boston, MA--NH--RI",0.7883823272,39.91851694,60.754
25017312200,"Boston, MA--NH--RI",1.013222827,31.43988037,42.009
25023511400,"Boston, MA--NH--RI",0.7479541417,35.96376519,36.417
25021421100,"Boston, MA--NH--RI",0.04307893676,79.05299552,47.01
25025091500,"Boston, MA--NH--RI",0.8434114899,35.21253159,35.275
25017341500,"Boston, MA--NH--RI",0.9541004137,19.54659784,38.698
25017342201,"Boston, MA--NH--RI",1.016473872,15.45840679,39.574
25023510200,"Boston, MA--NH--RI",0.2335799817,68.2498577,42.364
25025160200,"Boston, MA--NH--RI",0.9586044594,10.65998185,35.109
25017341200,"Boston, MA--NH--RI",0.6866852649,13.90173483,53.459
25025030100,"Boston, MA--NH--RI",0.8704410022,15.36599778,71.849
25017374200,"Boston, MA--NH--RI",0.4997933071,84.05132105,100.598
25017338400,"Boston, MA--NH--RI",0.2393609544,79.29493879,113.25
25017365100,"Boston, MA--NH--RI",0.1044242541,86.67527946,121.64
25017351203,"Boston, MA--NH--RI",1.220152549,16.98662161,55.383
25009221100,"Boston, MA--NH--RI",-0.5154444571,78.05252704,62.75
25017316202,"Boston, MA--NH--RI",0.421131394,76.878595,61.927
25021442102,"Boston, MA--NH--RI",0.05097900339,77.36147007,73.916
25027744400,"Boston, MA--NH--RI",0.1368603983,55.37918121,52.417
25009264100,"Boston, MA--NH--RI",0.03131250192,80.3314155,60.857
25021410400,"Boston, MA--NH--RI",-0.1503540611,77.06141848,67.139
33015100100,"Boston, MA--NH--RI",-0.08049649991,83.19143753,54.057
25009205100,"Boston, MA--NH--RI",0.2806628985,59.74282167,49.051
25009210400,"Boston, MA--NH--RI",0.4692192408,53.90802607,60.151
25005614102,"Boston, MA--NH--RI",0.02261387518,74.41028646,56.354
25017316300,"Boston, MA--NH--RI",0.2361926534,72.67520771,60.883
25009251600,"Boston, MA--NH--RI",1.218405919,17.02415187,30.035
25025050200,"Boston, MA--NH--RI",0.7012836604,13.46005442,30.469
25017360100,"Boston, MA--NH--RI",0.4469708693,37.7180505,64.286
25017353500,"Boston, MA--NH--RI",0.9926161126,42.57872392,59
25025000602,"Boston, MA--NH--RI",1.041017622,34.4452434,44.441
25009250900,"Boston, MA--NH--RI",1.201273394,24.56657707,36.154
25023505101,"Boston, MA--NH--RI",-0.3764149967,18.47632296,79.907
25009251300,"Boston, MA--NH--RI",1.020199633,18.81570476,29.685
25017334100,"Boston, MA--NH--RI",0.5991114169,81.33251781,85.538
25025130402,"Boston, MA--NH--RI",0.5935096272,39.58874952,65.225
25017342102,"Boston, MA--NH--RI",0.9423293782,36.11243747,50.526
25009204701,"Boston, MA--NH--RI",0.2793648512,64.51945912,60.944
25009206300,"Boston, MA--NH--RI",0.5717766957,26.58721318,38.98
25017383102,"Boston, MA--NH--RI",0.6495036009,47.98401153,35.256
25017328100,"Boston, MA--NH--RI",0.04760436954,85.05215566,84.958
25021405100,"Boston, MA--NH--RI",-0.1292904876,91.37273538,133.625
25021418003,"Boston, MA--NH--RI",0.5848222496,44.8152888,66.649
25025090200,"Boston, MA--NH--RI",0.9318321941,19.09217063,27.128
25023521101,"Boston, MA--NH--RI",0.06247421433,75.87947486,58.183
25005610202,"Boston, MA--NH--RI",0.1204249582,81.20670199,75.776
25025110403,"Boston, MA--NH--RI",0.6924683638,59.13990363,58.684
25023500104,"Boston, MA--NH--RI",-0.4803544285,3.412149479,63.415
25023502102,"Boston, MA--NH--RI",-0.04076301483,80.67367865,53.328
25025140102,"Boston, MA--NH--RI",0.6147944103,46.33479311,56.553
25017310400,"Boston, MA--NH--RI",0.9580925095,13.9708359,34.024
25009250500,"Boston, MA--NH--RI",1.217617715,12.5132195,28.606
25017342600,"Boston, MA--NH--RI",1.174724005,14.1285119,38.961
25025140400,"Boston, MA--NH--RI",0.6456976869,51.79214304,46.42
25009220102,"Boston, MA--NH--RI",-0.5868798904,84.55584466,58.352
25025061101,"Boston, MA--NH--RI",0.6594812856,51.27532832,30.625
25023511500,"Boston, MA--NH--RI",0.7479104353,34.4960859,38.788
25017311700,"Boston, MA--NH--RI",1.161996803,24.58309133,40.294
25017331101,"Boston, MA--NH--RI",0.3348812222,74.21858984,61
33015106102,"Boston, MA--NH--RI",-0.06188312595,81.31140734,86.563
25021419300,"Boston, MA--NH--RI",0.5557332349,71.17680999,53.333
33015105100,"Boston, MA--NH--RI",-0.1399880069,80.59153488,57.572
25017370300,"Boston, MA--NH--RI",0.9466358596,40.108347,60.603
25009205500,"Boston, MA--NH--RI",0.2640765223,43.5328578,39.952
25025060700,"Boston, MA--NH--RI",0.7606165447,13.74924347,27.935
25021415300,"Boston, MA--NH--RI",0.1235495146,75.38203149,77.863
25021416300,"Boston, MA--NH--RI",0.6160610603,83.62606316,95.321
25009202200,"Boston, MA--NH--RI",0.3020084141,44.45898634,88.362
25009223300,"Boston, MA--NH--RI",-0.07316282775,84.73118261,66.556
25021400200,"Boston, MA--NH--RI",1.103144915,41.71723297,74.464
25021419600,"Boston, MA--NH--RI",0.08225573326,85.49840977,78.289
25017301101,"Boston, MA--NH--RI",-0.31604008,88.59230514,56.705
25009210600,"Boston, MA--NH--RI",0.3997782267,56.99120342,43.567
25009210500,"Boston, MA--NH--RI",0.3469756659,67.81040038,57.738
25009207200,"Boston, MA--NH--RI",0.7149345044,6.03936353,41.088
25025100700,"Boston, MA--NH--RI",0.7466907552,15.49155022,62.436
25021457100,"Boston, MA--NH--RI",0.106133862,70.15424232,46.909
25021420202,"Boston, MA--NH--RI",-0.1343671005,68.55206859,46.25
25023521102,"Boston, MA--NH--RI",0.09411336011,69.75545606,53.077
25021422501,"Boston, MA--NH--RI",0.2934575481,70.74670838,50.727
25017312000,"Boston, MA--NH--RI",1.186932867,32.17402194,44.042
25025090300,"Boston, MA--NH--RI",0.9312950398,27.99231542,37.438
25025091300,"Boston, MA--NH--RI",0.9279521723,13.96361478,35.76
25017385201,"Boston, MA--NH--RI",0.03160845705,79.18833507,51.375
25017351204,"Boston, MA--NH--RI",1.167647531,17.17723797,55.096
25025061200,"Boston, MA--NH--RI",0.8474292265,1.437855545,76.667
25017360200,"Boston, MA--NH--RI",-0.1234382276,85.51821408,128.446
25021422502,"Boston, MA--NH--RI",0.3540028309,56.5926034,55.169
33015062500,"Boston, MA--NH--RI",-0.2211392619,81.42389661,70.382
25017382602,"Boston, MA--NH--RI",0.6285226088,68.24855401,76.667
25025051200,"Boston, MA--NH--RI",0.6097158747,8.021990384,60.03
25025110401,"Boston, MA--NH--RI",0.6925080502,49.62946552,45.247
25021404201,"Boston, MA--NH--RI",0.2427730262,94.57198064,203.438
25017352200,"Boston, MA--NH--RI",1.249813392,13.45477137,61.389
25017363201,"Boston, MA--NH--RI",0.1115821176,90.11276119,115.523
25017374300,"Boston, MA--NH--RI",0.5027533613,86.3390153,145.662
25017363202,"Boston, MA--NH--RI",0.1211022742,83.85462592,99.028
25021403100,"Boston, MA--NH--RI",0.4170855958,72.32938757,123.75
25017323100,"Boston, MA--NH--RI",-0.001399340868,83.1564574,103.203
25021417602,"Boston, MA--NH--RI",0.4670534754,7.058805839,61.365
25021418200,"Boston, MA--NH--RI",-0.01783531452,83.95198334,58.011
25005600202,"Boston, MA--NH--RI",-0.01358525636,79.77377806,57.863
25017341700,"Boston, MA--NH--RI",0.7633944966,49.34537885,51.711
33015052000,"Boston, MA--NH--RI",-0.2975109202,87.93975322,61.924
33015059000,"Boston, MA--NH--RI",-0.1842324601,83.31856557,55.506
25017314301,"Boston, MA--NH--RI",0.2970270367,68.23691451,55.123
25027717100,"Boston, MA--NH--RI",-0.1718255417,81.25975641,71.08
25021412300,"Boston, MA--NH--RI",0.4477607503,64.89680938,83.531
25021417400,"Boston, MA--NH--RI",-0.0167358331,8.740972399,72.969
25021400900,"Boston, MA--NH--RI",0.947855789,36.56290423,64.153
25009250100,"Boston, MA--NH--RI",1.185120452,6.097447108,35.739
25017332100,"Boston, MA--NH--RI",0.3496719324,86.11332704,79.929
25009209100,"Boston, MA--NH--RI",0.1399834007,69.14157244,82.067
25017368101,"Boston, MA--NH--RI",0.1366434256,63.25871962,64.446
25021417502,"Boston, MA--NH--RI",0.5057133139,20.6556705,42.444
25017311800,"Boston, MA--NH--RI",1.178772963,27.14148464,36.536
33015100302,"Boston, MA--NH--RI",0.320309035,66.01481728,53.655
25017311600,"Boston, MA--NH--RI",0.9175553389,47.70463196,45.823
25025092400,"Boston, MA--NH--RI",0.6965442266,29.27532591,38.091
25009204702,"Boston, MA--NH--RI",0.5168837702,58.53837168,58.179
25021415102,"Boston, MA--NH--RI",0.2407547386,69.61053496,62.189
33015053000,"Boston, MA--NH--RI",-0.2513479215,89.74118364,56.994
25009253100,"Boston, MA--NH--RI",0.7827734796,55.79652949,65.833
25025100900,"Boston, MA--NH--RI",0.7519606992,45.88239541,52.45
33015100301,"Boston, MA--NH--RI",0.3044858359,64.26589216,60.827
25017356300,"Boston, MA--NH--RI",0.8412718738,43.32007309,73.683
25017338500,"Boston, MA--NH--RI",0.2675401075,84.12777647,124.321
25017354400,"Boston, MA--NH--RI",0.9590106426,41.98344613,89.167
25017387100,"Boston, MA--NH--RI",0.07085378631,81.52264133,78.203
25025120201,"Boston, MA--NH--RI",0.4954142377,36.32638708,55.776
25017341101,"Boston, MA--NH--RI",0.5443998101,66.4394845,55.345
25023521202,"Boston, MA--NH--RI",0.03244727255,80.91387885,61.875
25009210900,"Boston, MA--NH--RI",0.6627612457,40.36131618,54.817
25017312400,"Boston, MA--NH--RI",1.121103332,23.29464402,40.701
25023525203,"Boston, MA--NH--RI",-0.005998042269,79.27100646,50.87
25023530400,"Boston, MA--NH--RI",-0.3222942693,65.69972388,63.41
33015104101,"Boston, MA--NH--RI",-0.2208863477,89.13665349,62.991
25009205300,"Boston, MA--NH--RI",0.1493163271,59.56269703,54.058
25023506102,"Boston, MA--NH--RI",-0.348855339,81.08756917,72.5
25023508101,"Boston, MA--NH--RI",-0.2150975553,81.68185601,62.511
25009252601,"Boston, MA--NH--RI",0.596420775,52.7152928,57.816
25025160602,"Boston, MA--NH--RI",1.031779125,30.77108554,39.556
25017342500,"Boston, MA--NH--RI",1.13814513,10.88205476,36.999
25009204500,"Boston, MA--NH--RI",0.3271165931,15.96285568,58.409
25023503101,"Boston, MA--NH--RI",-0.06760280254,86.23880639,87.745
25009251200,"Boston, MA--NH--RI",1.121761077,11.43261383,31.823
25017312502,"Boston, MA--NH--RI",0.7384763945,66.6114934,50.958
25023510700,"Boston, MA--NH--RI",0.5432270911,40.47071455,48.719
25025170400,"Boston, MA--NH--RI",0.4700386658,6.965379314,39.283
25025170800,"Boston, MA--NH--RI",0.4058562773,10.41865447,47.244
25023530300,"Boston, MA--NH--RI",-0.3414082132,31.41542074,52.215
25005613902,"Boston, MA--NH--RI",0.2421583709,75.36432138,49.167
25009250700,"Boston, MA--NH--RI",1.119507926,34.41123956,30.777
25017331200,"Boston, MA--NH--RI",0.3699802682,83.68489985,64.77
25009204600,"Boston, MA--NH--RI",0.399190093,38.37411773,52.016
25021417901,"Boston, MA--NH--RI",0.417107125,16.48842689,56.189
25025170100,"Boston, MA--NH--RI",0.8959491733,29.79085723,42.011
25009250600,"Boston, MA--NH--RI",1.138714297,33.99600361,31.967
25025120104,"Boston, MA--NH--RI",0.2672046966,49.95508178,73.438
25009268100,"Boston, MA--NH--RI",0.0428268899,72.54987761,89.063
25009265101,"Boston, MA--NH--RI",-0.1247408953,86.31568198,78.306
25021413401,"Boston, MA--NH--RI",0.4626648447,50.31048533,65.357
25025140201,"Boston, MA--NH--RI",0.7271221792,39.81559785,51.781
25005600203,"Boston, MA--NH--RI",-0.1956940084,89.53526761,81.973
25017356601,"Boston, MA--NH--RI",0.2632469483,64.81487088,78.157
25017317102,"Boston, MA--NH--RI",0.6902278091,64.56891401,67.083
25017313101,"Boston, MA--NH--RI",0.1287811216,78.3728266,64.909
25017368200,"Boston, MA--NH--RI",0.3159826623,60.86053258,73.62
25023511302,"Boston, MA--NH--RI",0.2880043397,79.67089512,52.692
25017332300,"Boston, MA--NH--RI",0.4697793265,74.87018986,74.743
25017333501,"Boston, MA--NH--RI",0.8041629112,55.81408632,62.488
33015101100,"Boston, MA--NH--RI",0.07397193858,80.45514446,53.506
25017356100,"Boston, MA--NH--RI",0.899386105,42.02671874,76.66
25021419400,"Boston, MA--NH--RI",0.4786020585,33.63965381,63.909
25021418102,"Boston, MA--NH--RI",0.6356873641,58.58092746,44.118
25023544200,"Boston, MA--NH--RI",-0.3596617116,56.84511748,53.04
25009205400,"Boston, MA--NH--RI",-0.01366345259,77.43975652,60.125
25025140105,"Boston, MA--NH--RI",0.5636614095,62.27690419,44.481
25025051000,"Boston, MA--NH--RI",0.7438102026,13.08836128,47.588
25021443102,"Boston, MA--NH--RI",0.001472105522,78.22468948,62.256
25017311500,"Boston, MA--NH--RI",0.9919508373,27.45421924,50.745
25025080500,"Boston, MA--NH--RI",1.103862566,19.73939601,33.384
25009252400,"Boston, MA--NH--RI",0.9578632355,42.68143247,36.081
25021417100,"Boston, MA--NH--RI",0.6917842323,59.49686857,64.47
25005614101,"Boston, MA--NH--RI",0.2908819529,70.23366556,46
25009207100,"Boston, MA--NH--RI",0.77553803,11.20469398,34.221
25017374700,"Boston, MA--NH--RI",0.6331706274,66.12717054,93.536
33015003602,"Boston, MA--NH--RI",-0.3820683086,88.36778685,62.606
25017333600,"Boston, MA--NH--RI",0.7099898861,44.01316433,59.816
25025020101,"Boston, MA--NH--RI",0.91250598,20.19291793,82.378
25017364101,"Boston, MA--NH--RI",0.2575641522,82.72187513,69.323
9015904400,"Worcester, MA--CT",0.4642894147,69.0071244,49.125
25027736500,"Worcester, MA--CT",0.144275166,74.22253076,69.375
25027738201,"Worcester, MA--CT",0.2047062321,80.30442824,72.096
25027739500,"Worcester, MA--CT",0.1418205356,81.87726875,100.398
25027716100,"Worcester, MA--CT",0.3412368667,55.45876648,60.88
25027726200,"Worcester, MA--CT",-0.4192129495,76.06326428,39.63
25027737100,"Worcester, MA--CT",-0.03095356057,78.41993507,54.571
25027732202,"Worcester, MA--CT",0.5899293116,60.28483123,39.948
25027730901,"Worcester, MA--CT",0.306274945,76.34779208,53.833
25027718100,"Worcester, MA--CT",-0.1437068905,72.2664578,69.079
25027758102,"Worcester, MA--CT",-0.3358846808,86.50887168,61.598
9015907100,"Worcester, MA--CT",0.5681640094,74.87971663,47
25027730802,"Worcester, MA--CT",0.4387795677,75.11802956,60.804
25027732901,"Worcester, MA--CT",0.6177895129,49.77407753,42.01
25027750200,"Worcester, MA--CT",0.2104362671,83.12802093,62.961
25027732500,"Worcester, MA--CT",1.015987143,5.46417829,36.434
25027731202,"Worcester, MA--CT",0.6872461567,35.48526578,8.882
9015903200,"Worcester, MA--CT",0.1562773029,80.95279172,57.237
25027730402,"Worcester, MA--CT",0.6430432581,44.99946515,39.837
25027731700,"Worcester, MA--CT",0.8807850803,4.11070305,35.813
25027736100,"Worcester, MA--CT",-0.3053654346,73.02348211,60.833
25027761300,"Worcester, MA--CT",0.3476529068,75.92083131,68.721
9015902500,"Worcester, MA--CT",-0.01758317764,82.60683317,54.806
25027728300,"Worcester, MA--CT",-0.3493808616,85.33315008,69.609
25027740101,"Worcester, MA--CT",0.1941378224,84.01211425,82.093
25027730801,"Worcester, MA--CT",0.2217186799,88.83348504,75.905
25027750300,"Worcester, MA--CT",0.2610052017,79.9044959,55.441
25027738202,"Worcester, MA--CT",0.09775865285,80.0520501,81.677
25027731204,"Worcester, MA--CT",0.7364986598,28.93376999,33.413
25027742300,"Worcester, MA--CT",0.5414292089,69.39641913,67.5
25027716300,"Worcester, MA--CT",0.633316205,53.34154711,44.171
25027739400,"Worcester, MA--CT",0.225961724,80.87105504,76.705
25027757300,"Worcester, MA--CT",0.1937425853,42.00630928,26.349
25027754400,"Worcester, MA--CT",0.2613487544,70.36030995,45.564
25027754200,"Worcester, MA--CT",0.3154538919,41.7825262,40.575
25027732802,"Worcester, MA--CT",0.5118135346,77.96225707,49.05
25027730300,"Worcester, MA--CT",0.3128431695,35.9830442,41.968
25027755200,"Worcester, MA--CT",-0.1202991798,77.83785645,54.196
25027731002,"Worcester, MA--CT",0.05018004641,64.82506674,47.464
25027732600,"Worcester, MA--CT",1.10572285,26.02049072,40.5
9015904100,"Worcester, MA--CT",-0.1461086713,89.18354471,50.903
25027731900,"Worcester, MA--CT",0.5222864704,45.52990313,37.09
25027729100,"Worcester, MA--CT",-0.115474458,75.78247187,61.563
25027740200,"Worcester, MA--CT",0.5462475305,77.8743171,69.75
25027730902,"Worcester, MA--CT",0.1471986493,70.32265348,46.729
25027727100,"Worcester, MA--CT",-1.119672389,84.72565597,70.25
25027757400,"Worcester, MA--CT",0.204248931,76.03599686,44.803
25027756101,"Worcester, MA--CT",-0.4685740459,82.75133608,56.563
25027721102,"Worcester, MA--CT",-0.9812829133,87.07043652,66.314
9015900100,"Worcester, MA--CT",-0.0733102408,84.69424896,56.868
25027735100,"Worcester, MA--CT",-0.9034088774,84.91626089,50.812
25027731300,"Worcester, MA--CT",0.8723736808,31.59257094,31.367
25027753200,"Worcester, MA--CT",0.02085050738,71.71005591,50.409
25027733000,"Worcester, MA--CT",0.9495087071,26.48198887,34.927
25027730401,"Worcester, MA--CT",0.4874698446,56.65508245,41.574
25027750100,"Worcester, MA--CT",0.2254949124,70.80561374,50.501
9015904500,"Worcester, MA--CT",0.5882024135,72.0759158,42.278
25027732002,"Worcester, MA--CT",0.4239219956,47.26015675,51.271
25027730600,"Worcester, MA--CT",-0.05797304802,80.09879782,73.445
25027726100,"Worcester, MA--CT",-0.6866710569,82.11008586,57.946
25027730200,"Worcester, MA--CT",0.1988606655,62.36992754,57.083
25027730700,"Worcester, MA--CT",-0.4013002388,79.01280522,58.559
9015905100,"Worcester, MA--CT",0.3057171961,83.29994357,60.634
25027731001,"Worcester, MA--CT",-0.414195886,71.61791928,43.418
25027732203,"Worcester, MA--CT",0.7885715744,30.98042106,40.632
9015900200,"Worcester, MA--CT",0.1412423875,85.73119261,52.139
25027730500,"Worcester, MA--CT",0.4682845202,23.75895195,42.478
9015907200,"Worcester, MA--CT",0.1934717771,86.11081731,45.394
25027737300,"Worcester, MA--CT",0.2527717167,79.26369564,60.203
9015903100,"Worcester, MA--CT",0.5396696491,70.72289584,38.728
25027731400,"Worcester, MA--CT",0.7133758462,23.94144571,38.125
25027732700,"Worcester, MA--CT",0.8892306733,29.95051051,44.879
25027739100,"Worcester, MA--CT",0.3275441622,66.62834233,84.055
25027731500,"Worcester, MA--CT",0.7179190831,24.08210662,31.413
25027735200,"Worcester, MA--CT",-0.6803766496,82.22397539,49.476
25027731600,"Worcester, MA--CT",0.6597611701,25.25575236,35.941
25027756102,"Worcester, MA--CT",-0.4571414028,85.00631272,71.475
25027731203,"Worcester, MA--CT",0.6924321645,32.5817559,31.541
25027732400,"Worcester, MA--CT",0.9638943167,28.96267037,35.831
25027758101,"Worcester, MA--CT",-0.4960833283,91.78086117,61.927
25027742401,"Worcester, MA--CT",0.09677388861,86.36769978,94.851
25027728100,"Worcester, MA--CT",-0.7991719866,86.54543306,74
25027731102,"Worcester, MA--CT",0.5005911265,49.8280511,51.464
25027732201,"Worcester, MA--CT",0.6168670862,55.58287531,50.139
25027732001,"Worcester, MA--CT",0.296968776,50.6106276,33.307
25027739300,"Worcester, MA--CT",0.2646596447,71.94628824,62.054
25027733102,"Worcester, MA--CT",0.2023213939,57.46832928,41.939
25027757200,"Worcester, MA--CT",0.475983915,39.55177361,34.45
25027739200,"Worcester, MA--CT",0.5486297311,57.88531965,59.519
9015906100,"Worcester, MA--CT",0.3099287756,85.4897118,55.385
25027733101,"Worcester, MA--CT",0.6085366489,53.07297076,41.107
25027729200,"Worcester, MA--CT",-0.1465560312,66.06344459,54.361
25027716200,"Worcester, MA--CT",0.6064542831,50.04882099,37.409
25027757500,"Worcester, MA--CT",-0.1893524002,88.99636346,52.622
9015901100,"Worcester, MA--CT",-0.2622340826,82.49972081,60.242
25027731800,"Worcester, MA--CT",0.6953835243,30.66588993,30.923
25027757100,"Worcester, MA--CT",-0.05513459058,75.06447444,41.775
25027736300,"Worcester, MA--CT",0.3113566758,63.90885843,57.42
25027752100,"Worcester, MA--CT",-0.3452617037,91.22877384,55.199
25027754100,"Worcester, MA--CT",-0.1886131237,71.81830248,52.9
25027755100,"Worcester, MA--CT",0.3053830572,66.96795309,50.446
25027751102,"Worcester, MA--CT",-0.3256661799,74.32440011,80.573
25027738100,"Worcester, MA--CT",0.2755003327,81.26437839,65.313
25027753100,"Worcester, MA--CT",-0.2886416925,82.94065796,55.875
25027737200,"Worcester, MA--CT",0.3418639044,63.53741058,51.759
25027751101,"Worcester, MA--CT",-0.08848040301,85.11431667,62.226
25027732801,"Worcester, MA--CT",0.4132464096,61.19172122,54.574
25027736200,"Worcester, MA--CT",-0.03713063635,83.80883158,61.637
25027732302,"Worcester, MA--CT",0.63115237,51.1072319,40.093
25027732301,"Worcester, MA--CT",0.4874672125,62.77497557,46.806
25027730100,"Worcester, MA--CT",0.08082024364,60.35588571,63.242
25027731101,"Worcester, MA--CT",0.3338632407,72.44119522,40.23
25027736400,"Worcester, MA--CT",0.3277504959,70.37119383,60.055
25027728400,"Worcester, MA--CT",-0.5103851376,88.35971374,67.25
25027742402,"Worcester, MA--CT",0.4663142142,62.31514684,103.462
25027728200,"Worcester, MA--CT",-0.303905428,87.3422116,67.405
25027754300,"Worcester, MA--CT",0.4408704523,38.03691176,37.568